Service,FrameWork,TPS,Threadpool,Avg Response Time(ms),P95,P99,Throughput(rps),Error Rate,CPU Usage,Memory,Latency(ms),Request Timeouts
Review,boot,5000,50,5610,33700,50000,8.55,0,0.31,229 Mi,5710,0
Review,boot,10000,50,8200,41000,72000,9.1,0.8,0.34,245 Mi,8300,2
Review,boot,50000,50,22000,78000,130000,10.2,5.1,0.48,280 Mi,22500,12
Review,boot,5000,100,1810,3580,10500,23.46,0,0.19,523Mi,1345,0
Review,boot,10000,100,1810,3580,10500,51.47,0,0.19,567Mi,1910,0
Review,boot,50000,100,16500,42000,88000,31.8,4.9,0.46,640Mi,16800,9
Review,boot,5000,200,980,1950,5200,62.3,0,0.15,510 Mi,1040,0
Review,boot,10000,200,2100,4300,8650,61.94,0,0.22,540Mi,2200,0
Review,boot,50000,200,8902,24901,4503,44.13,0,0.34,550Mi,9131,4
Review,boot,5000,500,1252,2563,5612,49.9,0,0.17,590.3Mi,1325,0
Review,boot,10000,500,2783,5329,9432,50.6,0,0.25,578Mi,2568,0
Review,boot,50000,500,14300,28440,54700,31.25,0.46,0.33,567Mi,14410,11
,,,,,,,,,,,,
Review,webflux,5000,50,5.31,21.94,32.9,4221.29,0,0.14,412.3 Mi,5.04,0
Review,webflux,5000,100,4.35,15.25,22.9,4904.65,0,0.15,418 Mi,3.98,0
Review,webflux,5000,200,13,48.75,73.1,4741.53,0,0.15,412.3 Mi ,11.94,0
Review,webflux,5000,500,25.23,89.55,112.44,4048,0,0.17,465.7 Mi,27.23,0
Review,webflux,"10,000",50,5.4,11.81,17.7,"7,114",0,0.18,502.6 Mi,5.06,0
Review,webflux,"10,000",100,8.78,21.19,31.8,"7,979",0,0.2,509Mi,8.1,0
Review,webflux,10000,200,9.54,26.33,31.48,7766,0,0.18,512.6 Mi,8.1,0
Review,webflux,10000,500,48.26,120.62,181,7483.37,0,0.21,588.7 Mi,44.71,0
Review,webflux,50000,50,5.95,12.96,19.4,6998.27,0,0.19,750.3 Mi,5.67,0
Review,webflux,50000,100,9.72,21.96,33,8555.04,0,0.2,775.6Mi,9.12,0
Review,webflux,50000,200,12.48,29.44,37.01,11681,0,0.18,816.3 Mi,13.82,0
Review,webflux,5000,500,14.72,33.34,41.02,10540,0,0.31,889.5 Mi,15.85,0
,,,,,,,,,,,,
,,,,,,,,,,,,
Notification,boot,5000,50,4200,21000,36000,4300,5.1,0.28,210 Mi,4300,0
Notification,boot,10000,50,8900,42000,61000,5200,18.9,0.42,240 Mi,9000,3
Notification,boot,50000,50,32000,78000,120000,6400,46.3,0.61,290 Mi,32500,17
Notification,boot,5000,100,1600,3200,9200,4700,0,0.18,460 Mi,1700,0
Notification,boot,10000,100,2400,5200,13500,9200,0,0.23,520 Mi,2500,0
Notification,boot,50000,100,12800,26500,48000,30500,21.8,0.39,560 Mi,12900,6
Notification,boot,5000,200,920,1800,4800,4950,0,0.14,510 Mi,980,0
Notification,boot,10000,200,1400,2900,6800,9850,0,0.19,550 Mi,1450,0
Notification,boot,50000,200,9100,19400,36200,41200,9.2,0.33,600 Mi,9300,3
Notification,boot,5000,500,1100,2300,5100,4980,0,0.16,560 Mi,1150,0
Notification,boot,10000,500,1900,4100,8400,9950,0,0.22,590 Mi,2000,0
Notification,boot,50000,500,10200,21400,39500,46800,7.6,0.37,640 Mi,10350,5
,,,,,,,,,,,,
Notification,webflux,5000,50,3.9,14.2,21.6,4550,0,0.12,390 Mi,3.7,0
Notification,webflux,5000,100,3.4,11.8,17.9,4880,0,0.13,395 Mi,3.2,0
Notification,webflux,5000,200,6.8,24.9,38.2,4750,0,0.14,405 Mi,6.4,0
Notification,webflux,5000,500,18.1,61.3,92.4,4120,0,0.17,450 Mi,19.2,0
Notification,webflux,10000,50,4.2,10.1,15.3,7050,0,0.17,480 Mi,4,0
Notification,webflux,10000,100,6.9,18.4,26.9,8200,0,0.19,495 Mi,6.6,0
Notification,webflux,10000,200,8.3,23.7,32.8,7980,0,0.18,510 Mi,7.9,0
Notification,webflux,10000,500,36.4,102.5,155.8,7620,0,0.22,570 Mi,34.9,0
Notification,webflux,50000,50,4.9,11.6,17.8,7100,0,0.18,720 Mi,4.6,0
Notification,webflux,50000,100,8.1,19.9,29.6,8800,0,0.2,750 Mi,7.7,0
Notification,webflux,50000,200,10.7,27.1,36.2,11800,0,0.21,790 Mi,10.3,0
Notification,webflux,50000,500,15.9,38.6,48.9,10850,0,0.29,860 Mi,16.8,0
,,,,,,,,,,,,
Inventory Availability Service,boot,5000,50,4600,22500,36500,4350,5.8,0.29,220 Mi,4700,0
Inventory Availability Service,boot,10000,50,9100,44000,65500,5250,20.1,0.44,250 Mi,9300,4
Inventory Availability Service,boot,50000,50,33500,80500,124000,6600,47.5,0.63,300 Mi,34000,19
Inventory Availability Service,boot,5000,100,1700,3400,9600,4720,0,0.19,460 Mi,1800,0
Inventory Availability Service,boot,10000,100,2550,5600,14200,9300,0,0.24,520 Mi,2650,0
Inventory Availability Service,boot,50000,100,13600,28500,50500,31200,0,0.4,570 Mi,13800,6
Inventory Availability Service,boot,5000,200,980,1950,5200,4960,0,0.15,510 Mi,1040,0
Inventory Availability Service,boot,10000,200,1500,3150,7100,9880,0,0.2,550 Mi,1550,0
Inventory Availability Service,boot,50000,200,9600,20500,38000,41800,9.8,0.34,600 Mi,9750,3
Inventory Availability Service,boot,5000,500,1250,2500,5600,4990,0,0.17,560 Mi,1300,0
Inventory Availability Service,boot,10000,500,2050,4250,8800,9970,0,0.23,590 Mi,2100,0
Inventory Availability Service,boot,50000,500,10800,22500,40500,47000,8.1,0.38,640 Mi,11000,5
,,,,,,,,,,,,
Inventory Availability Service,webflux,5000,50,4.3,15.6,23.2,4600,0,0.13,400 Mi,4.1,0
Inventory Availability Service,webflux,5000,100,3.6,12.5,18.6,4910,0,0.14,405 Mi,3.4,0
Inventory Availability Service,webflux,5000,200,7.1,25.7,39.4,4760,0,0.15,415 Mi,6.8,0
Inventory Availability Service,webflux,5000,500,18.9,66.9,98.8,4150,0,0.18,460 Mi,20,0
Inventory Availability Service,webflux,10000,50,4.7,11,16.5,7120,0,0.18,485 Mi,4.5,0
Inventory Availability Service,webflux,10000,100,7.2,19.2,28,8300,0,0.2,500 Mi,6.9,0
Inventory Availability Service,webflux,10000,200,8.8,24.9,34.1,8050,0,0.19,520 Mi,8.4,0
Inventory Availability Service,webflux,10000,500,37.6,108.3,160.2,7700,0,0.23,580 Mi,36.1,0
Inventory Availability Service,webflux,50000,50,5.4,12.1,17.9,7250,0,0.19,735 Mi,5.1,0
Inventory Availability Service,webflux,50000,100,8.6,20.8,30.3,8900,0,0.21,765 Mi,8.2,0
Inventory Availability Service,webflux,50000,200,11.2,28.2,37.6,11900,0,0.22,805 Mi,10.8,0
Inventory Availability Service,webflux,50000,500,16.4,40.2,51.8,11050,0,0.3,875 Mi,17.5,0
,,,,,,,,,,,,
,,,,,,,,,,,,
Service,FrameWork,TPS,Threadpool,Avg Response Time(ms),P95,P99,Throughput(rps),Error Rate,CPU Usage,Memory,Latency(ms),Request Timeouts
user,boot,5000,50,3208.92,4486.2,7816.41,12.1,0,0.12,628 Mi,3202.04,0
user,boot,5000,100,1937.13,6837.76,10807.76,45.33,0,0.06,563 Mi,1943.43,0
user,boot,5000,150,1967.74,5318.82,10010.1,94.83,0,0.1,550 Mi,1967.94,0
user,boot,5000,200,1791.78,4736.13,11383.48,88.6,0,0.13,580 Mi,1787.46,0
user,boot,"5,000",250,1529.59,5580.76,12472.42,123.92,0,0.17,688 Mi,1520.32,0
user,boot,5000,300,2300.57,5918.79,11598.06,169.69,0,0.2,694 Mi,2308.87,0
user,boot,5000,350,2693.44,3979.27,9184.62,192.07,0,0.11,646 Mi,2698.12,0
user,boot,"5,000",400,1781.62,4324.47,10503.37,211.91,0,0.15,576 Mi,1788.19,0
user,boot,5000,450,1000,3318.61,6991.98,241.59,0,0.18,557 Mi,1004.83,0
user,boot,5000,500,1000,3020.66,6106.35,258.31,0,0.09,666 Mi,991.76,0
user,boot,10000,50,6277.74,7643.32,13758.14,10.16,0,0.09,560 Mi,6274.11,0
user,boot,10000,100,5564.52,8578.47,11772.86,59.52,0,0.07,628 Mi,5554.98,0
user,boot,10000,150,6103.28,9005.08,15078.13,90.37,0,0.09,687 Mi,6096.31,0
user,boot,10000,200,5392.74,8305.28,15117.42,97.48,0,0.08,697 Mi,5402.2,0
user,boot,10000,250,6539.92,7881.99,12927.66,130.16,0,0.2,631 Mi,6536.31,0
user,boot,10000,300,6158.27,7963.9,11377.63,158.88,0,0.15,571 Mi,6158.48,0
user,boot,10000,350,3339.84,8219.9,14391.68,168.22,0,0.14,622 Mi,3341.7,0
user,boot,10000,400,3085.98,5682.39,9719.3,215.64,0,0.06,563 Mi,3084.45,0
user,boot,10000,450,5687.87,7129.25,10693.64,232.47,0,0.09,591 Mi,5697.63,0
user,boot,10000,500,3865.34,8044.94,14184.9,234.16,0,0.12,559 Mi,3866.69,0
user,boot,15000,50,11576.01,13770.62,19611.49,28.92,0.19,0.16,641 Mi,11573.52,9
user,boot,15000,100,8387.23,12148.15,18834.06,50.3,0,0.14,578 Mi,8383.76,0
user,boot,15000,150,7286.41,10570.54,17187.09,66.02,0,0.15,680 Mi,7279.62,0
user,boot,15000,200,7217.7,11583.24,16311.96,96.95,0,0.17,641 Mi,7214.56,0
user,boot,15000,250,6051.87,9169.37,11224.05,136.72,0,0.07,607 Mi,6047.48,0
user,boot,15000,300,5984.37,9519.12,12083.44,167.54,0,0.19,695 Mi,5984.76,0
user,boot,15000,350,9172.78,10254.32,15138.01,159.72,0,0.05,652 Mi,9166.73,0
user,boot,15000,400,4522.37,9516.52,14840.92,182.12,0,0.12,674 Mi,4523.55,0
user,boot,15000,450,7884.44,12540.03,19423.31,211.06,0,0.06,689 Mi,7874.99,0
user,boot,15000,500,6989.61,8356.83,12597.68,230.02,0,0.2,579 Mi,6985.03,0
user,boot,20000,50,11383.27,16049.41,19657.88,37.12,0.15,0.18,675 Mi,11390.25,14
user,boot,20000,100,10408.46,13969.91,18249.94,54.63,0.4,0.17,684 Mi,10400.71,6
user,boot,20000,150,8142.07,10395.28,15748.56,62.02,0,0.1,625 Mi,8146.11,0
user,boot,20000,200,12639.01,13658.2,16670.92,105.19,0.32,0.09,689 Mi,12644.14,13
user,boot,20000,250,14225.24,17119.78,19324.37,127.53,0.21,0.08,616 Mi,14226.74,8
user,boot,20000,300,10539.17,14381.02,18531.35,133.79,0.27,0.1,654 Mi,10533.21,18
user,boot,20000,350,9059.49,11675.47,16560.04,163.9,0,0.15,663 Mi,9063.28,0
user,boot,20000,400,12072.51,13410.95,19557.87,214.61,0.4,0.05,563 Mi,12077.53,12
user,boot,20000,450,7102.39,11772.83,17644.7,240.71,0,0.07,568 Mi,7109.4,0
user,boot,20000,500,7598.59,9425.99,13738.95,237.85,0,0.13,644 Mi,7606.89,0
user,boot,25000,50,14970.08,17657.46,24380.33,32.67,0.31,0.06,580 Mi,14960.85,13
user,boot,25000,100,12197.59,15183.24,20868.72,56.28,0.26,0.19,554 Mi,12188.62,17
user,boot,25000,150,14114.99,17004.45,21006.24,61.21,0.12,0.16,665 Mi,14123.55,26
user,boot,25000,200,13295.21,17255.69,21634.19,105.13,0.36,0.18,615 Mi,13290.46,8
user,boot,25000,250,15340.79,16713.91,19287.05,143.53,0.23,0.1,592 Mi,15337,9
user,boot,25000,300,14364.59,17722.95,23880.74,153.23,0.2,0.13,635 Mi,14358.51,13
user,boot,25000,350,9983.45,14606.61,18293.4,193.66,0,0.14,678 Mi,9981.19,0
user,boot,25000,400,11103.59,15967.6,18975.96,197.5,0.31,0.13,577 Mi,11097.84,10
user,boot,25000,450,11405.37,15929.79,18308.85,241.35,0.13,0.06,646 Mi,11410.83,7
user,boot,25000,500,15356.89,16683.8,18978.3,263.64,0.14,0.12,616 Mi,15358.62,30
user,boot,30000,50,13837.76,18136.29,24908.01,18.93,0.13,0.2,592 Mi,13829.64,8
user,boot,30000,100,16294.06,19253.8,23959.18,31.67,0.38,0.17,554 Mi,16289.15,14
user,boot,30000,150,20103.59,23962.68,30176.03,56.53,0.33,0.09,672 Mi,20104.12,27
user,boot,30000,200,21380.82,25665.88,28834.41,89.21,0.22,0.06,649 Mi,21389.92,37
user,boot,30000,250,12609.65,15003.67,18289.02,122.39,0.37,0.18,675 Mi,12609.55,24
user,boot,30000,300,18979.21,20174.7,23496.17,166.7,0.32,0.08,564 Mi,18973.66,22
user,boot,30000,350,19766.39,22553.86,27412.4,167.48,0.32,0.1,630 Mi,19764.77,21
user,boot,30000,400,22274.07,25932.92,31541.74,217.54,0.39,0.2,593 Mi,22278.64,39
user,boot,30000,450,20343.04,23278.12,25278.39,221.88,0.37,0.05,617 Mi,20349.82,11
user,boot,30000,500,14149.02,16673.78,18926.35,231.51,0.16,0.11,584 Mi,14147,22
user,boot,35000,50,17484.18,21372.59,26496.36,36.13,0.15,0.16,649 Mi,17475.2,11
user,boot,35000,100,17095.69,19669.63,23115.31,48.14,0.13,0.16,698 Mi,17103.09,22
user,boot,35000,150,13308.94,15505.38,22037.76,94.46,0.26,0.12,585 Mi,13312.2,16
user,boot,35000,200,23799.87,25880.8,28742.46,106.07,0.37,0.06,583 Mi,23805.53,23
user,boot,35000,250,20690.7,22159.51,28772.4,105.12,0.37,0.19,651 Mi,20682.33,10
user,boot,35000,300,25809.46,27914.52,32347.63,156.8,0.14,0.13,688 Mi,25800.15,20
user,boot,35000,350,19465.9,21585.22,23971.17,185.55,0.1,0.08,584 Mi,19471.88,17
user,boot,35000,400,23984.36,28252.62,30728.67,204.97,0.22,0.1,636 Mi,23976.71,16
user,boot,35000,450,25472.41,27692.4,31738.95,230.64,0.31,0.07,558 Mi,25480.56,40
user,boot,35000,500,24806.56,28935.27,32341.28,249.82,0.26,0.08,575 Mi,24806.19,42
user,boot,40000,50,20011.34,24068.26,26258.32,34.99,0.18,0.07,551 Mi,20015.31,22
user,boot,40000,100,30187.12,33370.32,36795.31,51.5,0.33,0.13,659 Mi,30186.56,43
user,boot,40000,150,18113.97,22951.57,29516,66.98,0.34,0.17,620 Mi,18113.05,18
user,boot,40000,200,25107.99,29451.68,32616.16,113.69,0.11,0.05,599 Mi,25116.17,15
user,boot,40000,250,22751.61,24376.62,26642.86,143,0.21,0.08,682 Mi,22749.86,37
user,boot,40000,300,30373.66,33447.5,35629.67,152.7,0.33,0.12,695 Mi,30377.33,26
user,boot,40000,350,19287.67,20306.57,26481.53,187.67,0.34,0.12,646 Mi,19290.6,18
user,boot,40000,400,27454.9,31294.44,34366.38,215.69,0.11,0.14,631 Mi,27450.89,46
user,boot,40000,450,26425.01,30649.15,34115.64,213.62,0.27,0.19,595 Mi,26433.26,24
user,boot,40000,500,27857.25,30307.52,34616.48,238.64,0.37,0.1,685 Mi,27864.5,32
user,boot,45000,50,35521.88,37989,43165.92,44.6,0.24,0.08,673 Mi,35524.74,66
user,boot,45000,100,26315.77,29902.75,36388.05,54.01,0.37,0.2,685 Mi,26307.81,41
user,boot,45000,150,26728.52,31423.77,36537.89,65.69,0.38,0.14,591 Mi,26721.88,15
user,boot,45000,200,26004.72,28795.7,31067.73,112.38,0.29,0.18,557 Mi,26006.47,16
user,boot,45000,250,20239.84,22748.4,25223.74,116.5,0.14,0.15,595 Mi,20248.83,26
user,boot,45000,300,33868.64,38089.39,44845.69,157.12,0.16,0.06,650 Mi,33860.86,28
user,boot,45000,350,22742.05,25848.52,30373.37,190.73,0.24,0.16,625 Mi,22750,15
user,boot,45000,400,33388.4,36252.39,38798.23,195.86,0.37,0.12,597 Mi,33391.14,58
user,boot,45000,450,31334.43,32564.57,35668.52,215.51,0.38,0.06,687 Mi,31341.82,26
user,boot,45000,500,27388.8,31853.45,38757.8,258.39,0.18,0.1,576 Mi,27395.89,50
user,boot,50000,50,29162.4,30566.17,33178.53,10,0.25,0.17,584 Mi,29160,48
user,boot,50000,100,21717.73,26222.12,28637.47,35.73,0.4,0.11,608 Mi,21720.7,13
user,boot,50000,150,36595.74,37912.39,42137.13,89.29,0.32,0.09,587 Mi,36598.69,68
user,boot,50000,200,23744.03,28049.4,34453.61,94.46,0.38,0.2,640 Mi,23741.25,17
user,boot,50000,250,37125.92,40949.33,47495.38,143.98,0.24,0.2,636 Mi,37134.67,24
user,boot,50000,300,35617.64,38462.43,45402.69,139.08,0.39,0.14,622 Mi,35607.68,59
user,boot,50000,350,27148.88,31802.08,37513.12,172.8,0.28,0.09,641 Mi,27156.33,21
user,boot,50000,400,38578.28,41265.87,43277.61,201.87,0.33,0.06,676 Mi,38570.31,36
user,boot,50000,450,22023.3,23614.88,27551.43,219.91,0.38,0.11,643 Mi,22027.27,31
user,boot,50000,500,26118.68,29220.44,34701.28,236.42,0.34,0.16,700 Mi,26126.9,32
user,webflux,5000,50,57.28,69.99,82.59,4424.73,0,0.19,455.0 Mi,57.9,0
user,webflux,5000,100,58.73,73.33,79.09,4617.49,0,0.2,450.0 Mi,59.6,0
user,webflux,5000,150,61.32,74.21,86.16,4672.93,0,0.21,465.0 Mi,60.98,0
user,webflux,5000,200,64.18,82.91,94.81,4421.35,0,0.22,473.0 Mi,63.66,0
user,webflux,5000,250,63.57,78.67,87.39,4671.91,0,0.23,449.0 Mi,63.52,0
user,webflux,5000,300,66.21,80.65,87.09,4739.58,0,0.24,463.0 Mi,65.57,0
user,webflux,5000,350,64.21,77.26,88.8,4666.82,0,0.25,486.0 Mi,64.26,0
user,webflux,5000,400,74.74,87.42,93.84,4695.86,0,0.26,476.0 Mi,74.87,0
user,webflux,5000,450,77.73,91.2,97.68,4380.01,0,0.27,468.0 Mi,77.9,0
user,webflux,5000,500,72.57,90.54,102.13,4344.08,0,0.28,457.0 Mi,72.3,0
user,webflux,10000,50,57.54,68.73,83.34,9166.76,0,0.22,515.0 Mi,57.45,0
user,webflux,10000,100,57.49,72.76,79.73,8606.37,0,0.22,514.0 Mi,57.75,0
user,webflux,10000,150,57.47,72.06,77.93,9279.74,0,0.24,523.0 Mi,57.19,0
user,webflux,10000,200,67.01,83.06,91.09,8891.96,0,0.24,530.0 Mi,67.98,0
user,webflux,10000,250,64.39,81.94,89.35,9029.89,0,0.25,490.0 Mi,64.27,0
user,webflux,10000,300,60.42,74.12,81.62,8568.14,0,0.26,524.0 Mi,61.36,0
user,webflux,10000,350,69.88,89.71,95.09,9074.81,0,0.27,498.0 Mi,70.77,0
user,webflux,10000,400,71.91,88.22,101.74,8605.4,0,0.28,520.0 Mi,72.74,0
user,webflux,10000,450,74.99,94.03,102,9482.3,0,0.3,529.0 Mi,75.55,0
user,webflux,10000,500,74.08,92.02,101.05,9419.61,0,0.31,529.0 Mi,73.29,0
user,webflux,15000,50,60.06,75.54,86.68,12750.14,0,0.24,522.0 Mi,60.78,0
user,webflux,15000,100,56.61,70.32,85.18,13374.39,0,0.25,547.0 Mi,57.24,0
user,webflux,15000,150,61.21,71.95,81.16,13208.03,0,0.26,536.0 Mi,61.58,0
user,webflux,15000,200,63.12,80.07,89.31,13562.99,0,0.27,554.0 Mi,64.05,0
user,webflux,15000,250,61.39,73.33,87.91,13940.88,0,0.28,527.0 Mi,61.47,0
user,webflux,15000,300,69.19,80.21,95.14,13195.07,0,0.29,520.0 Mi,68.91,0
user,webflux,15000,350,63.81,79.52,88.4,13589.36,0,0.3,536.0 Mi,63.29,0
user,webflux,15000,400,77.84,88.06,97.2,13160.03,0,0.31,533.0 Mi,76.89,0
user,webflux,15000,450,69.73,80.85,92.41,14222.14,0,0.33,543.0 Mi,70.7,0
user,webflux,15000,500,86.96,104.53,112.83,13173.85,0,0.33,561.0 Mi,86.18,0
user,webflux,20000,50,57.32,69.53,75.31,18247.64,0,0.27,562.0 Mi,57.53,0
user,webflux,20000,100,59.75,74.35,82.91,18967.16,0,0.28,564.0 Mi,59.71,0
user,webflux,20000,150,61.96,80.49,95.19,18527.61,0,0.29,576.0 Mi,62.41,0
user,webflux,20000,200,59.84,69.94,83.94,18507.87,0,0.3,570.0 Mi,60.03,0
user,webflux,20000,250,70.85,84.78,89.93,18601.07,0,0.31,607.0 Mi,70.72,0
user,webflux,20000,300,64.41,83.6,89.39,17743.07,0,0.32,575.0 Mi,63.57,0
user,webflux,20000,350,70.2,89.34,99.03,17905.01,0,0.33,561.0 Mi,69.59,0
user,webflux,20000,400,73.56,92.69,107.12,18285.34,0,0.34,607.0 Mi,72.63,0
user,webflux,20000,450,77.11,94.33,101.04,17040.13,0,0.34,609.0 Mi,76.85,0
user,webflux,20000,500,72.61,90.72,100.77,18990.52,0,0.36,567.0 Mi,72.82,0
user,webflux,25000,50,61.1,76.22,82.72,22884.63,0,0.3,640.0 Mi,61.08,0
user,webflux,25000,100,62.39,79.81,94.04,22025.55,0,0.3,615.0 Mi,62.07,0
user,webflux,25000,150,60.15,72.43,84.39,23640.99,0,0.32,616.0 Mi,59.59,0
user,webflux,25000,200,64.78,77.8,85.04,21632.97,0,0.32,606.0 Mi,63.79,0
user,webflux,25000,250,71.86,84.7,95.85,21649.64,0,0.33,616.0 Mi,71.24,0
user,webflux,25000,300,72.74,86.01,92.73,21882.86,0,0.34,610.0 Mi,71.75,0
user,webflux,25000,350,64.04,78.81,93.78,23225.44,0,0.36,636.0 Mi,63.61,0
user,webflux,25000,400,68.56,79.05,88.38,23376.18,0,0.37,614.0 Mi,68.03,0
user,webflux,25000,450,82.73,99.91,112.85,21913.24,0,0.37,617.0 Mi,83.71,0
user,webflux,25000,500,83.51,98.48,110.27,22941.59,0,0.39,617.0 Mi,83.61,0
user,webflux,30000,50,59.97,70.24,76.07,28029.17,0,0.33,670.0 Mi,60.71,0
user,webflux,30000,100,61.65,80.56,89.98,26794.96,0,0.33,646.0 Mi,61.2,0
user,webflux,30000,150,65.46,80.85,88.34,26037.24,0,0.34,675.0 Mi,65.05,0
user,webflux,30000,200,62.75,73.15,79.08,26144.29,0,0.35,656.0 Mi,63.09,0
user,webflux,30000,250,64.27,75.52,80.61,25505.48,0,0.35,660.0 Mi,64.66,0
user,webflux,30000,300,64.71,83.69,88.74,27158.26,0,0.37,658.0 Mi,65.04,0
user,webflux,30000,350,71.91,84.67,96.93,28419.15,0,0.39,658.0 Mi,72.17,0
user,webflux,30000,400,66.58,78.56,89.11,26315.09,0,0.39,674.0 Mi,65.98,0
user,webflux,30000,450,77.27,92.53,101.49,28378.43,0,0.41,672.0 Mi,77.22,0
user,webflux,30000,500,81.73,95.52,105.72,26489.17,0,0.41,658.0 Mi,81.42,0
user,webflux,35000,50,59.11,74.31,86.81,31173.6,0,0.35,723.0 Mi,59.15,0
user,webflux,35000,100,60.77,80.48,89.16,32953.59,0,0.37,685.0 Mi,60.6,0
user,webflux,35000,150,63.22,81,87.63,33199.01,0,0.38,692.0 Mi,62.25,0
user,webflux,35000,200,63.38,79.18,85.59,32573.64,0,0.39,699.0 Mi,63.25,0
user,webflux,35000,250,70.07,81.85,91.03,30631.14,0,0.38,712.0 Mi,70.95,0
user,webflux,35000,300,65.68,77.9,86.91,30975.85,0,0.4,722.0 Mi,66.38,0
user,webflux,35000,350,64.86,83.17,96.06,30691.12,0,0.4,681.0 Mi,65.18,0
user,webflux,35000,400,67.29,80.58,90.52,30486.72,0,0.41,702.0 Mi,67.69,0
user,webflux,35000,450,73.29,91.53,104.63,30571.89,0,0.42,702.0 Mi,72.93,0
user,webflux,35000,500,68.23,85.18,92.15,30017.41,0,0.43,685.0 Mi,67.33,0
user,webflux,40000,50,62.93,76.35,90.95,35497.06,0,0.37,762.0 Mi,62.09,0
user,webflux,40000,100,61.54,74.56,87.93,36095.8,0,0.39,742.0 Mi,60.69,0
user,webflux,40000,150,63.95,82.01,91.18,34724.11,0,0.39,729.0 Mi,64.23,0
user,webflux,40000,200,71.83,90.63,96.07,34836.78,0,0.4,739.0 Mi,71.07,0
user,webflux,40000,250,67.01,83.82,91.8,35286.08,0,0.41,749.0 Mi,66.32,0
user,webflux,40000,300,76.45,93.23,100.38,36752.48,0,0.43,752.0 Mi,75.8,0
user,webflux,40000,350,80.13,96.26,109.37,35794.47,0,0.43,729.0 Mi,80.2,0
user,webflux,40000,400,80.04,99.24,113.15,34733.89,0,0.44,745.0 Mi,79.53,0
user,webflux,40000,450,78.66,93.32,101.4,34083.55,0,0.44,731.0 Mi,77.8,0
user,webflux,40000,500,85.63,102.24,113.56,34430.93,0,0.46,760.0 Mi,85.9,0
user,webflux,45000,50,63.08,74.82,86.3,41742.14,0,0.41,776.0 Mi,62.78,0
user,webflux,45000,100,62.99,75.91,85.79,41935.99,0,0.42,794.0 Mi,63.46,0
user,webflux,45000,150,62.54,76.6,85.79,38332.09,0,0.41,786.0 Mi,62.43,0
user,webflux,45000,200,68.67,84.27,90.53,38533.01,0,0.42,769.0 Mi,68.46,0
user,webflux,45000,250,67.8,81.8,96.48,41311.03,0,0.45,760.0 Mi,68.63,0
user,webflux,45000,300,71.33,82.56,92.45,41450.79,0,0.46,779.0 Mi,70.46,0
user,webflux,45000,350,75.41,89.57,100.16,41776.54,0,0.47,782.0 Mi,74.47,0
user,webflux,45000,400,69.79,86.9,96.03,41034.37,0,0.48,765.0 Mi,70.68,0
user,webflux,45000,450,85.29,104.01,109.53,38582.77,0,0.47,761.0 Mi,84.47,0
user,webflux,45000,500,91,105.27,111.27,41750.04,0,0.5,770.0 Mi,91.9,0
user,webflux,50000,50,62.81,79.19,91.25,45613.07,0,0.43,816.0 Mi,63.08,0
user,webflux,50000,100,67.37,84.82,95.77,47393.28,0,0.45,803.0 Mi,67.55,0
user,webflux,50000,150,64.56,76.34,81.51,42889.47,0,0.44,807.0 Mi,64.91,0
user,webflux,50000,200,67.46,83.33,89.18,44613.46,0,0.46,822.0 Mi,67.14,0
user,webflux,50000,250,69.86,87.52,98.25,45938.74,0,0.48,804.0 Mi,69.3,0
user,webflux,50000,300,79.89,96.22,110.61,44665.44,0,0.48,822.0 Mi,80.04,0
user,webflux,50000,350,76.86,92.79,98.95,46434.08,0,0.5,822.0 Mi,77.7,0
user,webflux,50000,400,70.24,86.59,98.91,44451.32,0,0.5,842.0 Mi,69.36,0
user,webflux,50000,450,75.89,92.69,104.54,46031.78,0,0.52,829.0 Mi,75.6,0
user,webflux,50000,500,75.33,94.34,108.39,42613.8,0,0.51,828.0 Mi,74.99,0
,,,,,,,,,,,,
,,,,,,,,,,,,
Analytics,boot,5000,50,747.06,1140,1220,2654.32,0,0.51,554.7 Mi,747.06,0
Analytics,boot,10000,50,737.18,1140,1260,2692.73,0,0.36,618.6 Mi,737.18,0
Analytics,boot,50000,50,784.52,1190,1290,2529.34,0.15,0.42,623.4 Mi ,784.52,4
Analytics,boot,5000,100,779.72,1190,1300,2545.65,0,0.36,554.9 Mi,779.72,0
Analytics,boot,10000,100,762.58,1160,1260,2603.21,0,0.41,623.1 Mi,762.58,0
Analytics,boot,50000,100,762.06,1150,1240,2605.79,0.3,0.42,623.6 Mi ,762.06,11
Analytics,boot,5000,200,774.17,1170,1280,2563.07,0,0.51,557.1 Mi,774.17,0
Analytics,boot,10000,200,770.34,1180,1290,2575.01,0,0.41,623.2 Mi,770.34,0
Analytics,boot,50000,200,739.81,1130,1220,2682.03,0.54,0.71,623.9 Mi,739.81,32
Analytics,boot,5000,500,755.27,1140,1210,2628.42,0,0.44,557.4 Mi,755.27,0
Analytics,boot,10000,500,766.63,1160,1270,2589.31,0.1,1.06,623.5 Mi,766.63,1
Analytics,boot,50000,500,783.5,1180,1270,2535.61,0.5,0.35,624 Mi,783.5,23
,,,,,,,,,,,,
Analytics,webflux,5000,50,12.5,35,55,3950,0,0.18,420 Mi,12.5,0
Analytics,webflux,5000,100,14.8,40.2,62.3,4150,0,0.22,430 Mi,13.24,0
Analytics,webflux,5000,200,18.9,52.1,78.4,3780,0,0.25,445 Mi,18.2,0
Analytics,webflux,5000,500,25.3,70.5,105.2,3120,0,0.3,470 Mi,24.6,0
Analytics,webflux,10000,50,15.2,45.3,68.7,7250,0,0.35,480 Mi,14.5,0
Analytics,webflux,10000,100,18.4,52.8,80.1,6900,0,0.4,502 Mi,17.8,0
Analytics,webflux,10000,200,22.7,64.3,95.6,6250,0,0.45,520 Mi,21.3,0
Analytics,webflux,10000,500,30.5,85.2,120.4,6250,0,0.5,550 Mi,30.2,6
Analytics,webflux,50000,50,20.1,60.5,90.3,11800,0,0.55,800 Mi,19.4,0
Analytics,webflux,50000,100,24.8,70.2,105.7,10500,0,0.45,850 Mi,23.5,0
Analytics,webflux,50000,200,29.5,82.4,125,9200,0.1,0.86,832Mi,28.9,0
Analytics,webflux,50000,500,40.2,115,180.3,7800,0,0.7,934 Mi,37.2,0
,,,,,,,,,,,,
search,boot,5000,50,6825.44,31240.78,49860.21,4218.37,7.92,0.34,248.6 Mi,6952.11,1
search,boot,10000,50,12874.91,58230.45,82190.77,5034.22,22.61,0.49,279.3 Mi,13120.54,5
search,boot,50000,50,46291.33,109840.62,167430.88,6211.91,51.84,0.69,332.8 Mi,47102.66,24
search,boot,5000,100,2598.62,5129.88,14842.19,4687.54,0,0.21,502.7 Mi,2714.95,0
search,boot,10000,100,4021.77,8831.34,22194.6,9148.93,0,0.27,551.9 Mi,4176.31,0
search,boot,50000,100,19814.55,41522.91,70840.23,29788.4,26.12,0.43,603.4 Mi,20130.87,9
search,boot,5000,200,1546.84,3014.27,7811.66,4942.11,0,0.17,542.3 Mi,1604.39,0
search,boot,10000,200,2321.58,4748.92,10864.73,9841.25,0,0.22,587.8 Mi,2415.72,0
search,boot,50000,200,14176.21,29444.7,50112.95,40842.19,11.36,0.36,635.6 Mi,14402.64,4
search,boot,5000,500,1832.26,3791.42,8655.91,4988.64,0,0.19,586.2 Mi,1901.77,0
search,boot,10000,500,2846.71,6039.18,12492.44,9964.83,0,0.25,624.1 Mi,2930.12,0
search,boot,50000,500,15643.88,32760.45,55214.36,45890.17,8.71,0.4,682.9 Mi,15820.55,6
,,,,,,,,,,,,
search,webflux,5000,50,6.82,21.44,32.78,4512.38,0,0.15,428.4 Mi,6.51,0
search,webflux,5000,100,5.41,17.26,25.83,4869.52,0,0.16,435.9 Mi,5.19,0
search,webflux,5000,200,9.86,34.97,51.34,4724.19,0,0.17,448.1 Mi,9.43,0
search,webflux,5000,500,27.61,92.48,137.77,4098.66,0,0.2,492.7 Mi,28.92,0
search,webflux,10000,50,7.29,15.33,22.84,6988.41,0,0.19,514.6 Mi,6.94,0
search,webflux,10000,100,10.84,27.92,40.18,8217.94,0,0.22,529.2 Mi,10.31,0
search,webflux,10000,200,12.92,35.71,49.26,7954.61,0,0.21,547.8 Mi,12.36,0
search,webflux,10000,500,49.88,138.22,206.51,7542.08,0,0.26,612.4 Mi,48.33,0
search,webflux,50000,50,8.11,17.44,25.73,7219.52,0,0.2,782.6 Mi,7.72,0
search,webflux,50000,100,12.44,29.86,42.51,8946.33,0,0.23,811.8 Mi,11.92,0
search,webflux,50000,200,15.63,38.71,52.9,11912.77,0,0.24,848.9 Mi,15.01,0
search,webflux,50000,500,22.98,55.44,71.83,10864.25,0,0.31,914.3 Mi,23.86,0
,,,,,,,,,,,,
rate limiter,boot,5000,50,118.42,684.91,1245.38,4728.64,0,0.22,185.6 Mi,120.37,0
rate limiter,boot,10000,50,496.83,2742.56,4819.77,6124.91,8.41,0.39,201.4 Mi,503.28,1
rate limiter,boot,50000,50,4126.55,15842.71,28731.49,7411.83,39.88,0.68,243.9 Mi,4198.04,16
rate limiter,boot,5000,100,42.61,191.34,382.15,4922.87,0,0.17,356.2 Mi,44.08,0
rate limiter,boot,10000,100,96.74,514.22,981.64,9384.42,0,0.25,389.5 Mi,98.91,0
rate limiter,boot,50000,100,2167.48,8426.93,15632.27,32144.29,18.27,0.44,428.7 Mi,2213.96,6
rate limiter,boot,5000,200,21.33,84.55,162.79,4981.76,0,0.14,401.9 Mi,22.05,0
rate limiter,boot,10000,200,38.92,162.31,298.64,9873.58,0,0.2,435.2 Mi,40.18,0
rate limiter,boot,50000,200,1463.29,5841.77,10428.91,43188.34,7.64,0.36,469.8 Mi,1491.82,3
rate limiter,boot,5000,500,29.84,121.48,231.69,4993.25,0,0.16,452.7 Mi,30.92,0
rate limiter,boot,10000,500,51.73,226.19,412.88,9976.41,0,0.22,488.3 Mi,53.41,0
rate limiter,boot,50000,500,1714.62,6912.35,12241.78,46219.77,5.91,0.39,531.4 Mi,1748.55,4
,,,,,,,,,,,,
rate limiter,webflux,5000,50,1.42,4.91,7.88,4896.73,0,0.11,268.4 Mi,1.37,0
rate limiter,webflux,5000,100,1.16,3.82,6.04,4974.29,0,0.12,273.9 Mi,1.11,0
rate limiter,webflux,5000,200,2.44,8.91,13.74,4921.88,0,0.13,281.7 Mi,2.36,0
rate limiter,webflux,5000,500,6.78,24.62,36.18,4684.55,0,0.15,312.9 Mi,6.93,0
rate limiter,webflux,10000,50,1.69,3.41,5.16,7412.84,0,0.14,342.1 Mi,1.61,0
rate limiter,webflux,10000,100,2.84,7.93,11.88,8644.37,0,0.17,354.6 Mi,2.71,0
rate limiter,webflux,10000,200,3.71,10.62,14.91,8421.55,0,0.16,368.4 Mi,3.56,0
rate limiter,webflux,10000,500,11.83,39.72,58.44,8093.12,0,0.2,417.3 Mi,12.47,0
rate limiter,webflux,50000,50,2.11,4.48,6.91,7642.29,0,0.16,521.6 Mi,2.02,0
rate limiter,webflux,50000,100,3.36,8.17,12.29,9231.84,0,0.18,549.8 Mi,3.22,0
rate limiter,webflux,50000,200,4.88,12.91,18.34,12374.51,0,0.19,581.9 Mi,4.71,0
rate limiter,webflux,50000,500,7.62,19.48,26.71,11428.66,0,0.27,648.2 Mi,7.94,0